merchant_name,card_tpbuz_nm_2,classification_reason
국군복지단,음/식료품소매,"국군복지단은 군마트/복지매장 성격이 강해 생필품/식료품 구매가 중심인 소매 거래로 분류합니다."
글로우업헤어(GLOW UP),건강/뷰티/마사지,"헤어샵/미용실 상호로 판단되어 건강/뷰티/마사지 카테고리로 분류합니다."
글로우업헤어,건강/뷰티/마사지,"헤어샵/미용실 상호로 판단되어 건강/뷰티/마사지 카테고리로 분류합니다."
GLOW UP,건강/뷰티/마사지,"헤어/뷰티 업종 상호로 판단되어 건강/뷰티/마사지 카테고리로 분류합니다."
네이버파이낸셜(주),인터넷쇼핑,"네이버페이/스마트스토어 결제 대행 성격이 강해 인터넷쇼핑 카테고리로 분류합니다."
네이버파이낸셜,인터넷쇼핑,"네이버페이/스마트스토어 결제 대행 성격이 강해 인터넷쇼핑 카테고리로 분류합니다."
이자카야잔잔 수원역점,육류/회식,"이자카야/주점형 외식 업장으로 판단되어 육류/회식 카테고리로 분류합니다."
이자카야 잔잔 수원역점,육류/회식,"이자카야/주점형 외식 업장으로 판단되어 육류/회식 카테고리로 분류합니다."
주식회사 내안,외식,"기존 수동 분류 결과를 반영해 외식 카테고리로 분류합니다."
